{
	"headerExpanded": true,
	"ProductCollection": [{
			"AssetID": "AID13201",
			"AssetName": "XYZ1 Poster",
			"ProductPicUrl": "https://lap.corp.internal.com/Detail/Asset.aspx?id=AID13201",
			"AssetDesc": "XYZ Poster for latest campaign",
			"ProdStatus": "Done",
			"ReadyDate": "30.11.2019",
			"Market": "Global",
			"ContentManager": "John Doe",
			"AssetType": "Image",
			"Theme": "Duplo",
			"SKU": "60704",
			"Campaign": "Latest Campaign",
			"Audience": "Kids",
			"SubAudience": "Boys"
		}, {
			"AssetID": "AID13202",
			"AssetName": "XYZ2 Video",
			"ProductPicUrl": "https://lap.corp.internal.com/Detail/Asset.aspx?id=AID13202",
			"AssetDesc": "XYZ2 Video for latest campaign",
			"ProdStatus": "In Progress",
			"ReadyDate": "01.12.2020",
			"Market": "Billund",
			"ContentManager": "Johnny Depp",
			"AssetType": "Video",
			"Theme": "Duplo",
			"SKU": "60705",
			"Campaign": "Latest Campaign",
			"Audience": "Kids",
			"SubAudience": "Boys"
		}, {
			"AssetID": "AID13203",
			"AssetName": "3D Poster",
			"ProductPicUrl": "https://lap.corp.internal.com/Detail/Asset.aspx?id=AID13203",
			"AssetDesc": "3D Poster for latest campaign",
			"ProdStatus": "Done",
			"ReadyDate": "30.11.2019",
			"Market": "Global",
			"ContentManager": "John Doe",
			"AssetType": "Image",
			"Theme": "Duplo",
			"SKU": "60706",
			"Campaign": "Latest Campaign",
			"Audience": "Kids",
			"SubAudience": "Girls"
		}, {
			"AssetID": "AID13204",
			"AssetName": "XYZ3 Poster",
			"ProductPicUrl": "https://lap.corp.internal.com/Detail/Asset.aspx?id=AID13204",
			"AssetDesc": "XYZ3 Poster for latest campaign",
			"ProdStatus": "On Hold",
			"ReadyDate": "30.12.2020",
			"Market": "Global",
			"ContentManager": "Joey Tribbiani",
			"AssetType": "Image",
			"Theme": "Duplo",
			"SKU": "60707",
			"Campaign": "Latest Campaign",
			"Audience": "Toddler",
			"SubAudience": "Unisex"
		}, {
			"AssetID": "AID13205",
			"AssetName": "ABC Poster",
			"ProductPicUrl": "https://lap.corp.internal.com/Detail/Asset.aspx?id=AID13205",
			"AssetDesc": "ABC Poster for latest campaign",
			"ProdStatus": "On Hold",
			"ReadyDate": "30.12.2020",
			"Market": "Copenhagen",
			"ContentManager": "Joey Tribbiani",
			"AssetType": "Image",
			"Theme": "Duplo",
			"SKU": "60708",
			"Campaign": "Latest Campaign",
			"Audience": "Kids",
			"SubAudience": "Girls"
		}, {
			"AssetID": "AID13206",
			"AssetName": "999 Poster",
			"ProductPicUrl": "https://lap.corp.internal.com/Detail/Asset.aspx?id=AID13206",
			"AssetDesc": "999 Poster for latest campaign",
			"ProdStatus": "Done",
			"ReadyDate": "30.11.2019",
			"Market": "Billund",
			"ContentManager": "John Doe",
			"AssetType": "Image",
			"Theme": "Duplo",
			"SKU": "60709",
			"Campaign": "Latest Campaign",
			"Audience": "Kids",
			"SubAudience": "Girls"
		}, {
			"AssetID": "AID13207",
			"AssetName": "MP3 File",
			"ProductPicUrl": "https://lap.corp.internal.com/Detail/Asset.aspx?id=AID13207",
			"AssetDesc": "MP3 File",
			"ProdStatus": "Done",
			"ReadyDate": "30.11.2019",
			"Market": "Copenhagen",
			"ContentManager": "Rachael Green",
			"AssetType": "Audio",
			"Theme": "Duplo",
			"SKU": "60710",
			"Campaign": "Latest Campaign",
			"Audience": "Kids",
			"SubAudience": "Boys"
		}, {
			"AssetID": "AID13208",
			"AssetName": "MNO 3D audio",
			"ProductPicUrl": "https://lap.corp.internal.com/Detail/Asset.aspx?id=AID13208",
			"AssetDesc": "MNO Audio for latest campaign",
			"ProdStatus": "In Progress",
			"ReadyDate": "01.12.2020",
			"Market": "Copenhagen",
			"ContentManager": "Johnny Depp",
			"AssetType": "Audio",
			"Theme": "Duplo",
			"SKU": "60711",
			"Campaign": "Latest Campaign",
			"Audience": "Kids",
			"SubAudience": "Boys"
		}, {
			"AssetID": "AID13209",
			"AssetName": "P1 Poster",
			"ProductPicUrl": "https://lap.corp.internal.com/Detail/Asset.aspx?id=AID13209",
			"AssetDesc": "P1 Poster for latest campaign",
			"ProdStatus": "Done",
			"ReadyDate": "10.05.2020",
			"Market": "Billund",
			"ContentManager": "Rachael Green",
			"AssetType": "Image",
			"Theme": "Duplo",
			"SKU": "60712",
			"Campaign": "Latest Campaign",
			"Audience": "Kids",
			"SubAudience": "Boys"
		}, {
			"AssetID": "AID13210",
			"AssetName": "G1 Graffiti",
			"ProductPicUrl": "https://lap.corp.internal.com/Detail/Asset.aspx?id=AID13210",
			"AssetDesc": "XYZ Poster for latest campaign",
			"ProdStatus": "Done",
			"ReadyDate": "30.07.2020",
			"Market": "Copenhagen",
			"ContentManager": "John Doe"
		}, {
			"AssetID": "AID13211",
			"AssetName": "P2 Poster",
			"ProductPicUrl": "https://lap.corp.internal.com/Detail/Asset.aspx?id=AID13211",
			"AssetDesc": "P2 Poster for latest campaign",
			"ProdStatus": "In Progress",
			"ReadyDate": "01.01.2021",
			"Market": "Billund",
			"ContentManager": "Johnny Depp"
		}, {
			"AssetID": "AID13212",
			"AssetName": "V1 Video",
			"ProductPicUrl": "https://lap.corp.internal.com/Detail/Asset.aspx?id=AID13212",
			"AssetDesc": "V1 Video for latest campaign",
			"ProdStatus": "On Hold",
			"ReadyDate": "30.05.2021",
			"Market": "Global",
			"ContentManager": "Johnny Depp"
		}, {
			"AssetID": "AID13213",
			"AssetName": "V2 Video",
			"ProductPicUrl": "https://lap.corp.internal.com/Detail/Asset.aspx?id=AID13213",
			"AssetDesc": "V2 Video for latest campaign",
			"ProdStatus": "Done",
			"ReadyDate": "11.08.2020",
			"Market": "Copenhagen",
			"ContentManager": "Joey Tribbiani"
		}, {
			"AssetID": "AID13214",
			"AssetName": "XYZ Poster",
			"ProductPicUrl": "https://lap.corp.internal.com/Detail/Asset.aspx?id=AID13214",
			"AssetDesc": "XYZ Poster for latest campaign",
			"ProdStatus": "Done",
			"ReadyDate": "30.11.2019",
			"Market": "Billund",
			"ContentManager": "Ross Geller"
		}, {
			"AssetID": "AID13215",
			"AssetName": "XYZ Poster",
			"ProductPicUrl": "https://lap.corp.internal.com/Detail/Asset.aspx?id=AID13215",
			"AssetDesc": "XYZ Poster for latest campaign",
			"ProdStatus": "Done",
			"ReadyDate": "30.11.2019",
			"Market": "Copenhagen",
			"ContentManager": "Ross Geller"
		}, {
			"AssetID": "AID13216",
			"AssetName": "XYZ Poster",
			"ProductPicUrl": "https://lap.corp.internal.com/Detail/Asset.aspx?id=AID13216",
			"AssetDesc": "XYZ Poster for latest campaign",
			"ProdStatus": "On Hold",
			"ReadyDate": "30.11.2021",
			"Market": "Global",
			"ContentManager": "Ross Geller"
		}, {
			"AssetID": "AID13217",
			"AssetName": "XYZ Poster",
			"ProductPicUrl": "https://lap.corp.internal.com/Detail/Asset.aspx?id=AID13201",
			"AssetDesc": "XYZ Poster for latest campaign",
			"ProdStatus": "Done",
			"ReadyDate": "30.11.2019",
			"Market": "Global",
			"ContentManager": "John Doe"
		}, {
			"AssetID": "AID13218",
			"AssetName": "XYZ Poster",
			"ProductPicUrl": "https://lap.corp.internal.com/Detail/Asset.aspx?id=AID13201",
			"AssetDesc": "XYZ Poster for latest campaign",
			"ProdStatus": "Done",
			"ReadyDate": "30.11.2019",
			"Market": "Billund",
			"ContentManager": "John Doe"
		}, {
			"AssetID": "AID13219",
			"AssetName": "XYZ Poster",
			"ProductPicUrl": "https://lap.corp.internal.com/Detail/Asset.aspx?id=AID13201",
			"AssetDesc": "XYZ Poster for latest campaign",
			"ProdStatus": "Done",
			"ReadyDate": "30.11.2019",
			"Market": "Copenhagen",
			"ContentManager": "John Doe"
		}, {
			"AssetID": "AID13220",
			"AssetName": "XYZ Poster",
			"ProductPicUrl": "https://lap.corp.internal.com/Detail/Asset.aspx?id=AID13201",
			"AssetDesc": "XYZ Poster for latest campaign",
			"ProdStatus": "Done",
			"ReadyDate": "30.11.2019",
			"Market": "Global",
			"ContentManager": "Jack Sparrow"
		}, {
			"AssetID": "AID13221",
			"AssetName": "XYZ Poster",
			"ProductPicUrl": "https://lap.corp.internal.com/Detail/Asset.aspx?id=AID13221",
			"AssetDesc": "XYZ Poster for latest campaign",
			"ProdStatus": "Done",
			"ReadyDate": "30.11.2019",
			"Market": "Global",
			"ContentManager": "Jack Sparrow"
		}, {
			"AssetID": "AID13222",
			"AssetName": "XYZ Poster",
			"ProductPicUrl": "https://lap.corp.internal.com/Detail/Asset.aspx?id=AID13222",
			"AssetDesc": "XYZ Poster for latest campaign",
			"ProdStatus": "Done",
			"ReadyDate": "30.11.2019",
			"Market": "Copenhagen",
			"ContentManager": "Jack Sparrow"
		}, {
			"AssetID": "AID13223",
			"AssetName": "XYZ Poster",
			"ProductPicUrl": "https://lap.corp.internal.com/Detail/Asset.aspx?id=AID13201",
			"AssetDesc": "XYZ Poster for latest campaign",
			"ProdStatus": "Done",
			"ReadyDate": "30.11.2019",
			"Market": "Billund",
			"ContentManager": "John Doe"
		}, {
			"AssetID": "AID13224",
			"AssetName": "XYZ Poster",
			"ProductPicUrl": "https://lap.corp.internal.com/Detail/Asset.aspx?id=AID13201",
			"AssetDesc": "XYZ Poster for latest campaign",
			"ProdStatus": "Done",
			"ReadyDate": "30.11.2019",
			"Market": "Global",
			"ContentManager": "John Doe"
		}, {
			"AssetID": "AID13225",
			"AssetName": "XYZ Poster",
			"ProductPicUrl": "https://lap.corp.internal.com/Detail/Asset.aspx?id=AID13225",
			"AssetDesc": "XYZ Poster for latest campaign",
			"ProdStatus": "Done",
			"ReadyDate": "30.11.2019",
			"Market": "Global",
			"ContentManager": "John Doe"
		},

		{
			"AssetID": "AID13226",
			"AssetName": "XYZ Poster",
			"ProductPicUrl": "https://lap.corp.internal.com/Detail/Asset.aspx?id=AID13201",
			"AssetDesc": "XYZ Poster for latest campaign",
			"ProdStatus": "Done",
			"ReadyDate": "30.11.2019",
			"Market": "Global",
			"ContentManager": "John Doe"
		}, {
			"AssetID": "AID13227",
			"AssetName": "XYZ Poster",
			"ProductPicUrl": "https://lap.corp.internal.com/Detail/Asset.aspx?id=AID13201",
			"AssetDesc": "XYZ Poster for latest campaign",
			"ProdStatus": "Done",
			"ReadyDate": "30.11.2019",
			"Market": "Global",
			"ContentManager": "John Doe"
		}, {
			"AssetID": "AID13228",
			"AssetName": "XYZ Video File",
			"ProductPicUrl": "https://lap.corp.internal.com/Detail/Asset.aspx?id=AID13201",
			"AssetDesc": "XYZ Video File for latest campaign",
			"ProdStatus": "In Progress",
			"ReadyDate": "30.11.2020",
			"Market": "Copenhagen",
			"ContentManager": "Kris"
		}
	],
	"Assets": [{
		"key": "",
		"name": "All"
	}, {
		"key": "AID13201",
		"name": "AID13201"
	}, {
		"key": "AID13202",
		"name": "AID13202"
	}, {
		"key": "AID13203",
		"name": "AID13203"
	}, {
		"key": "AID13204",
		"name": "AID13204"
	}, {
		"key": "AID13205",
		"name": "AID13205"
	}, {
		"key": "AID13206",
		"name": "AID13206"
	}],
	"ProductionStatus": [{
		"key": "",
		"name": "All"
	}, {
		"key": "Done",
		"name": "Done"
	}, {
		"key": "In Progress",
		"name": "In Progress"
	}, {
		"key": "On Hold",
		"name": "On Hold"
	}],

	"Market": [{
		"key": "",
		"name": "All"
	}, {
		"key": "Global",
		"name": "Global"
	}, {
		"key": "Billund",
		"name": "Billund"
	}, {
		"key": "Copenhagen",
		"name": "Copenhagen"
	}],
	"Filter": {
		"text": "Filtered by: nothing"
	}
}